Faculty ID,Official name,Follow-up flags
sarah-anne-abraham,Sarah Anne Abraham,research_source_not_connected
sarah-ellen-ades,Sarah Ellen Ades,research_source_not_connected
nandini-chari-aiyappan,Nandini Chari Aiyappan,profile_url_not_connected; research_source_not_connected
ishraq-al-awamleh,Ishraq Al-Awamleh,research_source_not_connected
eman-alasadi,Eman Alasadi,research_source_not_connected
kelli-rae-allen,Kelli Rae Allen,research_source_not_connected
william-j-allen,William J Allen,profile_url_not_connected; research_source_not_connected
natalie-younok-ammon,Natalie Younok Ammon,research_source_not_connected
brian-r-anderson,Brian R Anderson,profile_url_not_connected; research_source_not_connected
haseeb-ansari,Haseeb Ansari,research_source_not_connected
dhivya-arasappan,Dhivya Arasappan,research_source_not_connected
venkat-arun,Venkat Arun,profile_url_not_connected; research_source_not_connected
celest-m-austin,Celest M Austin,research_source_not_connected
william-j-babler,William J Babler,research_source_not_connected
joshua-dana-baer,Joshua Dana Baer,profile_url_not_connected; research_source_not_connected
angela-chappell-beasley,Angela Chappell Beasley,research_source_not_connected
patrick-benfield,Patrick Benfield,research_source_not_connected
nolan-bradford-bentley,Nolan Bradford Bentley,research_source_not_connected
william-marshall-best,William Marshall Best,profile_url_not_connected; research_source_not_connected
sanchita-bhadra,Sanchita Bhadra,research_source_not_connected
vertica-bhardwaj,Vertica Bhardwaj,profile_url_not_connected; research_source_not_connected
kirk-d-blazek,Kirk D Blazek,research_source_not_connected
cheasequah-j-blevins,Cheasequah J Blevins,research_source_not_connected
lauren-alexandra-blondeau,Lauren Alexandra Blondeau,research_source_not_connected
megan-boulette,Megan Boulette,research_source_not_connected
michael-boylan-kolchin,Michael Boylan-Kolchin,profile_url_not_connected; research_source_not_connected
boris-breizman,Boris Breizman,research_source_not_connected
chad-d-brock,Chad D Brock,profile_url_not_connected; research_source_not_connected
jay-r-brown,Jay R Brown,research_source_not_connected
katherine-m-bruner,Katherine M Bruner,research_source_not_connected
deanna-buckley,Deanna Buckley,research_source_not_connected
william-c-bulko,William C Bulko,research_source_not_connected
scott-burghart,Scott Burghart,profile_url_not_connected; research_source_not_connected
ruth-e-buskirk,Ruth E Buskirk,profile_url_not_connected; research_source_not_connected
courtney-e-byrd-williams,Courtney E Byrd-Williams,research_source_not_connected
cynthia-cabrera,Cynthia Cabrera,research_source_not_connected
eric-d-cambronne,Eric D Cambronne,research_source_not_connected
emily-caudill,Emily Caudill,research_source_not_connected
gustavo-e-cepparo,Gustavo E Cepparo,research_source_not_connected
wenrui-chai,Wenrui Chai,research_source_not_connected
jessica-h-chancey,Jessica H Chancey,profile_url_not_connected; research_source_not_connected
laura-m-chase,Laura M Chase,research_source_not_connected
siddhartha-chatterjee,Siddhartha Chatterjee,research_source_not_connected
james-r-chelikowsky,James R Chelikowsky,profile_url_not_connected; research_source_not_connected
su-chen,Su Chen,research_source_not_connected
z-jeffrey-chen,Z Jeffrey Chen,profile_url_not_connected; research_source_not_connected
shao-ying-cheng,Shao-Ying Cheng,research_source_not_connected
antonia-chimonidou,Antonia Chimonidou,research_source_not_connected
eunsol-choi,Eunsol Choi,profile_url_not_connected; research_source_not_connected
gail-chovan,Gail Chovan,profile_url_not_connected; research_source_not_connected
jessica-ciarla,Jessica Ciarla,research_source_not_connected
gregory-b-clark,Gregory B Clark,profile_url_not_connected; research_source_not_connected
shirley-cohen,Shirley Cohen,profile_url_not_connected; research_source_not_connected
rachel-grace-cohen-ford,Rachel Grace Cohen-Ford,profile_url_not_connected; research_source_not_connected
sarah-coleman,Sarah Coleman,profile_url_not_connected; research_source_not_connected
desmond-coles,Desmond Coles,profile_url_not_connected; research_source_not_connected
christopher-scott-connelly,Christopher Scott Connelly,profile_url_not_connected; research_source_not_connected
roman-corfas,Roman Corfas,research_source_not_connected
christopher-p-costello,Christopher P Costello,profile_url_not_connected; research_source_not_connected
milica-cudina,Milica Cudina,research_source_not_connected
molly-e-cummings,Molly E Cummings,profile_url_not_connected; research_source_not_connected
irving-dai,Irving Dai,profile_url_not_connected; research_source_not_connected
eric-m-de-waal,Eric M De Waal,research_source_not_connected
linda-ann-degraffenried,Linda Ann deGraffenried,profile_url_not_connected; research_source_not_connected
lauren-j-depue-ward,Lauren J DePue Ward,profile_url_not_connected; research_source_not_connected
bea-dibona,Bea DiBona,profile_url_not_connected; research_source_not_connected
isil-dillig,Isil Dillig,profile_url_not_connected; research_source_not_connected
kasia-j-dinkeloo,Kasia J Dinkeloo,research_source_not_connected
glenn-p-downing,Glenn P Downing,research_source_not_connected
joseph-j-dubie,Joseph J Dubie,research_source_not_connected
tavish-j-dunn,Tavish J Dunn,profile_url_not_connected; research_source_not_connected
gregory-c-durrett,Gregory C Durrett,profile_url_not_connected; research_source_not_connected
anthony-greg-dylla,Anthony Greg Dylla,profile_url_not_connected; research_source_not_connected
rivka-syd-matova-eisner,Rivka Syd Matova Eisner,profile_url_not_connected; research_source_not_connected
pamela-garrison-elias,Pamela Garrison Elias,research_source_not_connected
mootaz-n-elnozahy,Mootaz N Elnozahy,research_source_not_connected
michael-endl,Michael Endl,profile_url_not_connected; research_source_not_connected
peter-h-english,Peter H English,profile_url_not_connected; research_source_not_connected
alexandra-a-eusebi,Alexandra A Eusebi,research_source_not_connected
marilyn-m-felkner,Marilyn M Felkner,research_source_not_connected
tatia-s-feltman,Tatia S Feltman,profile_url_not_connected; research_source_not_connected
alberto-fernandez-de-las-nieves,Alberto Fernandez de las Nieves,profile_url_not_connected; research_source_not_connected
leanne-h-field,Leanne H Field,research_source_not_connected
gregory-a-fiete,Gregory A Fiete,profile_url_not_connected; research_source_not_connected
jillian-rose-fisher,Jillian Rose Fisher,profile_url_not_connected; research_source_not_connected
conrad-r-fjetland,Conrad R Fjetland,research_source_not_connected
will-flanagan,Will Flanagan,profile_url_not_connected; research_source_not_connected
scott-b-fleenor,Scott B Fleenor,profile_url_not_connected; research_source_not_connected
morgan-muriel-fong,Morgan Muriel Fong,profile_url_not_connected; research_source_not_connected
fares-z-fraij,Fares Z Fraij,research_source_not_connected
jennifer-h-fritz,Jennifer H Fritz,research_source_not_connected
emily-s-funderburg,Emily S Funderburg,research_source_not_connected
donald-s-fussell,Donald S Fussell,profile_url_not_connected; research_source_not_connected
daniel-a-galvin,Daniel A Galvin,profile_url_not_connected; research_source_not_connected
charlee-garden,Charlee Garden,research_source_not_connected
jason-j-gauci,Jason J Gauci,profile_url_not_connected; research_source_not_connected
ahmed-gheith,Ahmed Gheith,profile_url_not_connected; research_source_not_connected
nicole-v-giorgi,Nicole V Giorgi,research_source_not_connected
feliciano-giustino,Feliciano Giustino,research_source_not_connected
paul-goldbart,Paul Goldbart,profile_url_not_connected; research_source_not_connected
antonio-gonzalez-iii,Antonio Gonzalez III,profile_url_not_connected; research_source_not_connected
ellen-bernadine-gouws,Ellen Bernadine Gouws,research_source_not_connected
ashley-green,Ashley Green,profile_url_not_connected; research_source_not_connected
robert-joseph-griffitt,Robert Joseph Griffitt,profile_url_not_connected; research_source_not_connected
layla-guyot,Layla Guyot,research_source_not_connected
amanda-hager,Amanda Hager,research_source_not_connected
monica-renay-hall-porter,Monica Renay Hall-Porter,research_source_not_connected
ryan-hannigan,Ryan Hannigan,profile_url_not_connected; research_source_not_connected
anne-k-hansen,Anne K Hansen,profile_url_not_connected; research_source_not_connected
debra-r-hansen,Debra R Hansen,research_source_not_connected
christine-ramsey-hardy,Christine Ramsey Hardy,profile_url_not_connected; research_source_not_connected
shinko-k-harper,Shinko K Harper,research_source_not_connected
justin-w-hart,Justin W Hart,research_source_not_connected
aleah-henderson-carter,Aleah Henderson-Carter,research_source_not_connected
thushani-herath,Thushani Herath,research_source_not_connected
madison-herring,Madison Herring,profile_url_not_connected; research_source_not_connected
matthew-a-hersh,Matthew A Hersh,research_source_not_connected
gary-j-hill,Gary J Hill,profile_url_not_connected; research_source_not_connected
andrew-d-hintz,Andrew D Hintz,profile_url_not_connected; research_source_not_connected
jo-anne-c-holley,Jo Anne C Holley,research_source_not_connected
tepera-r-holman,Tepera R Holman,profile_url_not_connected; research_source_not_connected
kyong-joo-hong,Kyong Joo Hong,profile_url_not_connected; research_source_not_connected
mackenzie-a-howard,Mackenzie A Howard,profile_url_not_connected; research_source_not_connected
warren-a-hunt-jr,Warren A Hunt Jr,profile_url_not_connected; research_source_not_connected
marina-e-hutchins,Marina E Hutchins,profile_url_not_connected; research_source_not_connected
elizabeth-ilardi,Elizabeth Ilardi,research_source_not_connected
andrei-ionov,Andrei Ionov,profile_url_not_connected; research_source_not_connected
matteo-ippoliti,Matteo Ippoliti,research_source_not_connected
ibrahim-volkan-isler,Ibrahim Volkan Isler,profile_url_not_connected; research_source_not_connected
robert-k-jansen,Robert K Jansen,profile_url_not_connected; research_source_not_connected
frank-siegfried-jenko,Frank Siegfried Jenko,profile_url_not_connected; research_source_not_connected
becca-johnson,Becca Johnson,research_source_not_connected
giovanni-johnson,Giovanni Johnson,research_source_not_connected
stacy-jorgensen,Stacy Jorgensen,profile_url_not_connected; research_source_not_connected
prashant-d-joshi,Prashant D Joshi,profile_url_not_connected; research_source_not_connected
erez-karpas,Erez Karpas,profile_url_not_connected; research_source_not_connected
amrita-kaur,Amrita Kaur,research_source_not_connected
kenneth-c-keiler,Kenneth C Keiler,profile_url_not_connected; research_source_not_connected
hyunju-kim,Hyunju Kim,research_source_not_connected
brad-knox,Brad Knox,profile_url_not_connected; research_source_not_connected
terry-m-kotrla,Terry M Kotrla,profile_url_not_connected; research_source_not_connected
philipp-kraehenbuehl,Philipp Kraehenbuehl,profile_url_not_connected; research_source_not_connected
rostyslav-kravchenko,Rostyslav Kravchenko,research_source_not_connected
william-werner-kretschmer,William Werner Kretschmer,profile_url_not_connected; research_source_not_connected
gregory-kuhlmann,Gregory Kuhlmann,profile_url_not_connected; research_source_not_connected
devdatta-kulkarni,Devdatta Kulkarni,profile_url_not_connected; research_source_not_connected
paul-d-kunz,Paul D Kunz,research_source_not_connected
brian-la-cour,Brian La Cour,research_source_not_connected
elizabeth-a-labate,Elizabeth A Labate,profile_url_not_connected; research_source_not_connected
cynthia-a-labrake,Cynthia A Labrake,research_source_not_connected
matt-ladue,Matt LaDue,profile_url_not_connected; research_source_not_connected
zehua-lai,Zehua Lai,profile_url_not_connected; research_source_not_connected
karen-m-landolt,Karen M Landolt,research_source_not_connected
anita-g-latham,Anita G Latham,research_source_not_connected
lyndsay-logan-leach,Lyndsay Logan Leach,research_source_not_connected
elad-liebman,Elad Liebman,profile_url_not_connected; research_source_not_connected
randy-linder,Randy Linder,profile_url_not_connected; research_source_not_connected
jianlong-liu,Jianlong Liu,profile_url_not_connected; research_source_not_connected
hector-e-lomeli,Hector E Lomeli,research_source_not_connected
jaime-lopez,Jaime Lopez,profile_url_not_connected; research_source_not_connected
andrew-j-loveridge,Andrew J Loveridge,research_source_not_connected
kaijun-lu,Kaijun Lu,profile_url_not_connected; research_source_not_connected
lydia-rose-lucchesi,Lydia Rose Lucchesi,profile_url_not_connected; research_source_not_connected
martha-m-maas,Martha M Maas,research_source_not_connected
alex-macedo,Alex Macedo,profile_url_not_connected; research_source_not_connected
theresa-n-martines,Theresa N Martines,research_source_not_connected
lucas-mason-brown,Lucas Mason-Brown,profile_url_not_connected; research_source_not_connected
gene-d-mcdonald,Gene D McDonald,research_source_not_connected
kay-mcmurry,Kay McMurry,research_source_not_connected
michael-b-mcphail,Michael B McPhail,research_source_not_connected
john-c-meth,John C Meth,research_source_not_connected
pedro-metola,Pedro Metola,research_source_not_connected
thomas-r-middendorf,Thomas R Middendorf,profile_url_not_connected; research_source_not_connected
melissa-miller,Melissa Miller,research_source_not_connected
charles-d-mills,Charles D Mills,research_source_not_connected
zachary-l-miner,Zachary L Miner,research_source_not_connected
lauren-a-mitchell,Lauren A Mitchell,research_source_not_connected
shyamal-k-mitra,Shyamal K Mitra,profile_url_not_connected; research_source_not_connected
michael-h-montgomery,Michael H Montgomery,profile_url_not_connected; research_source_not_connected
jennifer-moon,Jennifer Moon,profile_url_not_connected; research_source_not_connected
raymond-j-mooney,Raymond J Mooney,profile_url_not_connected; research_source_not_connected
maud-trist-morgan,Maud Trist Morgan,research_source_not_connected
dana-hadar-moshkovitz-aaronson,Dana Hadar Moshkovitz aaronson,profile_url_not_connected; research_source_not_connected
amy-r-musgrave,Amy R Musgrave,profile_url_not_connected; research_source_not_connected
felicity-muth,Felicity Muth,profile_url_not_connected; research_source_not_connected
margaret-elaine-myers,Margaret Elaine Myers,profile_url_not_connected; research_source_not_connected
mit-naik,Mit Naik,research_source_not_connected
ross-michael-neuman,Ross Michael Neuman,research_source_not_connected
scott-david-niekum,Scott David Niekum,profile_url_not_connected; research_source_not_connected
seth-james-nielson,Seth James Nielson,profile_url_not_connected; research_source_not_connected
alison-n-norman,Alison N Norman,profile_url_not_connected; research_source_not_connected
john-michael-osborn,John Michael Osborn,research_source_not_connected
joaquin-marcos-palacios,Joaquin Marcos Palacios,research_source_not_connected
devangi-nikunj-parikh,Devangi Nikunj Parikh,research_source_not_connected
mary-r-parker,Mary R Parker,research_source_not_connected
mychelle-parker,Mychelle Parker,research_source_not_connected
lara-l-pauley,Lara L Pauley,research_source_not_connected
amy-pavel,Amy Pavel,profile_url_not_connected; research_source_not_connected
georgios-pavlakos,Georgios Pavlakos,research_source_not_connected
gergina-v-pencheva,Gergina V Pencheva,research_source_not_connected
tina-l-peterson,Tina L Peterson,profile_url_not_connected; research_source_not_connected
c-greg-plaxton,C Greg Plaxton,profile_url_not_connected; research_source_not_connected
elizabeth-a-porter,Elizabeth A Porter,research_source_not_connected
mary-f-poteet,Mary F Poteet,research_source_not_connected
william-h-press,William H Press,profile_url_not_connected; research_source_not_connected
kristen-j-procko,Kristen J Procko,research_source_not_connected
lili-qiu,Lili Qiu,profile_url_not_connected; research_source_not_connected
michelann-quimby,Michelann Quimby,profile_url_not_connected; research_source_not_connected
sally-kathleen-amen-ragsdale,Sally Kathleen Amen Ragsdale,research_source_not_connected
vijaya-ramachandran,Vijaya Ramachandran,profile_url_not_connected; research_source_not_connected
carol-ramsey,Carol Ramsey,profile_url_not_connected; research_source_not_connected
mary-e-ramsey,Mary E Ramsey,research_source_not_connected
veena-ravishankar,Veena Ravishankar,profile_url_not_connected; research_source_not_connected
nicole-reed,Nicole Reed,profile_url_not_connected; research_source_not_connected
stuart-a-reichler,Stuart A Reichler,profile_url_not_connected; research_source_not_connected
kristi-a-reid-partin,Kristi A Reid-Partin,research_source_not_connected
nicolas-reyes,Nicolas Reyes,research_source_not_connected
stacia-e-rodenbusch,Stacia E Rodenbusch,research_source_not_connected
shelly-r-rodriguez,Shelly R Rodriguez,research_source_not_connected
kara-joy-helmke-rogers,Kara Joy Helmke Rogers,profile_url_not_connected; research_source_not_connected
james-jerry-rowan,James Jerry Rowan,profile_url_not_connected; research_source_not_connected
julio-cesar-ruiz,Julio Cesar Ruiz,research_source_not_connected
stephen-thomas-russell,Stephen Thomas Russell,profile_url_not_connected; research_source_not_connected
soroosh-sadeh,Soroosh Sadeh,research_source_not_connected
cynthia-saldivar-fitchpatrick,Cynthia Saldivar fitchpatrick,research_source_not_connected
farhana-sarower,Farhana Sarower,research_source_not_connected
kanagasabapathi-sathasivan,Kanagasabapathi Sathasivan,research_source_not_connected
taylor-jane-schoberle,Taylor Jane Schoberle,research_source_not_connected
william-schwartz,William Schwartz,research_source_not_connected
michael-d-scott,Michael D Scott,profile_url_not_connected; research_source_not_connected
shagufta-hasnain-shabbir,Shagufta Hasnain Shabbir,research_source_not_connected
hovav-shacham,Hovav Shacham,profile_url_not_connected; research_source_not_connected
ruth-i-shear,Ruth I Shear,research_source_not_connected
gennady-shvets,Gennady Shvets,profile_url_not_connected; research_source_not_connected
monica-sianez,Monica Sianez,research_source_not_connected
laura-sisk-hackworth,Laura Sisk-Hackworth,profile_url_not_connected; research_source_not_connected
isaac-smith,Isaac Smith,profile_url_not_connected; research_source_not_connected
arjun-sobnack,Arjun Sobnack,profile_url_not_connected; research_source_not_connected
paola-sotelo,Paola Sotelo,research_source_not_connected
stacy-c-sparks,Stacy C Sparks,profile_url_not_connected; research_source_not_connected
eric-j-staron,Eric J Staron,research_source_not_connected
elizabeth-f-stepp,Elizabeth F Stepp,research_source_not_connected
naomi-stolpner,Naomi Stolpner,research_source_not_connected
andrei-straumanis,Andrei Straumanis,research_source_not_connected
jessica-streu,Jessica Streu,profile_url_not_connected; research_source_not_connected
thomas-struppeck,Thomas Struppeck,profile_url_not_connected; research_source_not_connected
deborah-y-sztejnberg,Deborah Y Sztejnberg,research_source_not_connected
dixin-tang,Dixin Tang,profile_url_not_connected; research_source_not_connected
fatma-tarlaci,Fatma Tarlaci,profile_url_not_connected; research_source_not_connected
richard-a-taylor,Richard A Taylor,research_source_not_connected
kia-teymourian,Kia Teymourian,research_source_not_connected
kevin-tian,Kevin Tian,research_source_not_connected
aida-torabi,Aida Torabi,research_source_not_connected
philip-m-treisman,Philip M Treisman,profile_url_not_connected; research_source_not_connected
alfred-a-tuley,Alfred A Tuley,research_source_not_connected
semahat-serra-ucer-ozgurel,Semahat Serra Ucer Ozgurel,profile_url_not_connected; research_source_not_connected
david-a-vandenbout,David A Vandenbout,profile_url_not_connected; research_source_not_connected
vijaychidambaram-velayudhan-pillai,Vijaychidambaram Velayudhan Pillai,profile_url_not_connected; research_source_not_connected
laura-villafuerte-altuzar,Laura Villafuerte Altuzar,research_source_not_connected
sara-villanueva,Sara Villanueva,profile_url_not_connected; research_source_not_connected
amanda-j-vines,Amanda J Vines,profile_url_not_connected; research_source_not_connected
bindu-viswanathan,Bindu Viswanathan,research_source_not_connected
vincent-roger-viviani,Vincent Roger Viviani,research_source_not_connected
paul-etienne-vouga,Paul Etienne Vouga,profile_url_not_connected; research_source_not_connected
jay-wadekar,Jay Wadekar,profile_url_not_connected; research_source_not_connected
alisa-h-walch,Alisa H Walch,research_source_not_connected
stephen-g-walker,Stephen G Walker,profile_url_not_connected; research_source_not_connected
aurora-d-wallace,Aurora D Wallace,research_source_not_connected
jessica-e-wandelt,Jessica E Wandelt,research_source_not_connected
karen-a-weems,Karen A Weems,profile_url_not_connected; research_source_not_connected
jay-s-whitehead,Jay S Whitehead,research_source_not_connected
thilini-wijesekera,Thilini Wijesekera,research_source_not_connected
shawn-williams,Shawn Williams,research_source_not_connected
hannah-williamson,Hannah Williamson,profile_url_not_connected; research_source_not_connected
sinead-williamson,Sinead Williamson,profile_url_not_connected; research_source_not_connected
becky-wilson,Becky Wilson,profile_url_not_connected; research_source_not_connected
jennifer-l-wilson,Jennifer L Wilson,research_source_not_connected
michael-wilson,Michael Wilson,research_source_not_connected
erica-winterer,Erica Winterer,research_source_not_connected
william-r-wolesensky,William R Wolesensky,research_source_not_connected
josefine-ortiz-wolfe,Josefine Ortiz Wolfe,research_source_not_connected
matthew-worden,Matthew Worden,research_source_not_connected
konrad-wrobel,Konrad Wrobel,profile_url_not_connected; research_source_not_connected
dominic-louis-wynter,Dominic Louis Wynter,profile_url_not_connected; research_source_not_connected
junhong-xu,Junhong Xu,profile_url_not_connected; research_source_not_connected
sujay-yadalam-sudarshan,Sujay Yadalam Sudarshan,profile_url_not_connected; research_source_not_connected
soo-hyun-yang,Soo Hyun Yang,research_source_not_connected
yuan-yao,Yuan Yao,profile_url_not_connected; research_source_not_connected
john-anthony-yeazell,John Anthony Yeazell,research_source_not_connected
rebecca-young,Rebecca Young,profile_url_not_connected; research_source_not_connected
william-d-young,William D Young,research_source_not_connected
chen-yu,Chen Yu,research_source_not_connected
harold-h-zakon,Harold H Zakon,profile_url_not_connected; research_source_not_connected
diana-p-zamora-olivares,Diana P Zamora-Olivares,research_source_not_connected
sherry-zhang,Sherry Zhang,profile_url_not_connected; research_source_not_connected
shuangjie-zhang,Shuangjie Zhang,profile_url_not_connected; research_source_not_connected
bang-zheng,Bang Zheng,profile_url_not_connected; research_source_not_connected
corwin-zigler,Corwin Zigler,profile_url_not_connected; research_source_not_connected
